id,prediction
2003_3386_3752.png,river
2003_4094_1600.png,savanna
2007_4700_8818.png,stone_shore
2010_3609_4743.png,modified_wooded_badlands_plateau
2010_4736_3111.png,modified_wooded_badlands_plateau
2014_4182_4713.png,mushroom_field_shore
2015_4497_9367.png,modified_jungle
2016_3904_9740.png,stone_shore
2017_3636_2297.png,plains
2018_3471_6553.png,snowy_tundra
2020_2029_4667.png,modified_wooded_badlands_plateau
2020_3459_1597.png,snowy_beach
2022_4792_9249.png,jungle_hills
2025_3163_3759.png,birch_forest
2028_3341_1870.png,shattered_savanna_plateau
2028_4570_7285.png,jungle_edge
2030_2251_3573.png,stone_shore
2031_2228_8083.png,forest
2033_4147_8168.png,desert
2035_4006_5911.png,jungle_hills
2035_4831_2327.png,plains
2037_2689_2011.png,jungle_hills
2038_2819_9484.png,forest
2038_3999_7942.png,lukewarm_ocean
2041_3696_7519.png,snowy_beach
2042_3625_4784.png,dark_forest
2043_4364_8316.png,modified_badlands_plateau
2046_3182_3685.png,jungle
2047_4147_4107.png,savanna
2051_2586_5128.png,bamboo_jungle
2055_3650_7808.png,shattered_savanna_plateau
2057_4720_6309.png,modified_jungle
2061_2969_4190.png,savanna
2065_2277_4903.png,birch_forest
2067_3771_7782.png,gravelly_mountains+
2071_2937_3861.png,stone_shore
2072_4192_8649.png,mushroom_field_shore
2072_4373_2601.png,bamboo_jungle
2073_2856_9784.png,snowy_tundra
2074_2689_3598.png,mushroom_fields
2075_4866_1600.png,mushroom_fields
2076_2062_9893.png,modified_jungle_edge
2077_4466_6133.png,stone_shore
2079_4614_3144.png,beach
2080_4187_3670.png,mountains
2085_3900_8050.png,modified_jungle_edge
2088_3719_7838.png,stone_shore
2088_4414_2138.png,savanna
2089_2384_2242.png,savanna
2091_2075_3996.png,snowy_tundra
2091_2726_7610.png,birch_forest
2091_4737_1612.png,modified_wooded_badlands_plateau
2094_2716_3999.png,jungle_edge
2095_3566_5833.png,jungle_edge
2099_4060_8161.png,gravelly_mountains+
2100_4085_4708.png,bamboo_jungle
2101_4505_2105.png,modified_badlands_plateau
2102_2758_3185.png,desert
2104_2080_9896.png,mushroom_field_shore
2107_2902_1310.png,taiga
2111_2089_7088.png,modified_badlands_plateau
2111_4114_6390.png,snowy_beach
2112_2286_2467.png,beach
2112_4005_3925.png,savanna
2112_4548_5142.png,modified_jungle
2113_2992_9999.png,jungle
2113_3639_5649.png,taiga
2114_3729_8444.png,gravelly_mountains+
2115_3049_9680.png,plains
2115_4319_8508.png,shattered_savanna_plateau
2115_4781_8353.png,mushroom_field_shore
2116_3167_6053.png,mountains
2117_2603_8323.png,beach
2122_2886_8125.png,forest
2122_2902_7721.png,beach
2125_3832_9263.png,birch_forest
2125_4060_3449.png,jungle_edge
2127_3138_8877.png,forest
2130_4080_7268.png,mountains
2130_4810_3905.png,snowy_beach
2131_2477_3569.png,mushroom_fields
2131_2888_5266.png,birch_forest
2134_3040_4051.png,jungle_edge
2136_2446_2791.png,taiga
2136_4540_4060.png,river
2141_2957_6574.png,savanna
2145_4035_2285.png,forest
2154_3923_5106.png,beach
2157_2612_4587.png,beach
2157_2965_7217.png,gravelly_mountains+
2158_2764_9072.png,bamboo_jungle
2161_3292_7001.png,modified_jungle_edge
2162_2252_5727.png,dark_forest
2162_2367_6224.png,mountains
2163_2163_1941.png,shattered_savanna_plateau
2163_2201_3774.png,gravelly_mountains+
2165_2074_6476.png,beach
2167_3645_5007.png,modified_jungle
2168_2263_5562.png,shattered_savanna_plateau
2168_3519_2833.png,savanna
2168_3997_9061.png,modified_wooded_badlands_plateau
2171_4898_4734.png,plains
2174_2783_1530.png,river
2174_3907_3201.png,snowy_beach
2180_4163_2159.png,snowy_beach
2183_2527_5880.png,swamp
2186_2768_3135.png,stone_shore
2186_3764_9160.png,birch_forest
2189_2649_8425.png,mushroom_fields
2191_4612_2471.png,modified_jungle
2197_4228_1306.png,jungle_hills
2199_2134_9036.png,modified_badlands_plateau
2201_3666_7785.png,savanna
2203_2602_3607.png,taiga
2203_2609_1101.png,mountains
2203_4259_9555.png,jungle_hills
2209_4145_9511.png,modified_jungle_edge
2210_2768_5311.png,desert
2211_4999_9463.png,mushroom_field_shore
2213_2076_6035.png,modified_badlands_plateau
2218_4936_3512.png,snowy_beach
2220_2004_3870.png,desert
2224_4845_1201.png,mushroom_fields
2225_3907_2258.png,desert
2230_2848_8079.png,mushroom_field_shore
2230_3718_3279.png,desert
2234_2860_4701.png,swamp
2239_4046_5902.png,modified_jungle
2241_3592_6159.png,taiga
2242_3349_6959.png,modified_jungle_edge
2245_2457_4668.png,plains
2249_4830_5190.png,river
2249_4909_7629.png,mountains
2251_4942_8186.png,desert
2254_3227_3694.png,river
2254_3710_4221.png,mushroom_fields
2254_4156_8239.png,birch_forest
2257_2702_8577.png,shattered_savanna_plateau
2262_4683_5783.png,modified_jungle_edge
2264_2057_9684.png,birch_forest
2264_4723_7186.png,forest
2269_2232_9342.png,plains
2269_2416_3526.png,shattered_savanna_plateau
2269_4053_3618.png,shattered_savanna_plateau
2269_4313_9535.png,birch_forest
2271_2604_8780.png,plains
2272_2656_6569.png,forest
2272_2893_4791.png,dark_forest
2273_4672_2499.png,mushroom_fields
2274_2558_5410.png,jungle
2276_3594_7372.png,jungle
2279_2543_5600.png,modified_badlands_plateau
2280_4168_7677.png,desert
2281_3286_8185.png,taiga
2283_2277_1304.png,sunflower_plains
2284_4073_7115.png,birch_forest
2285_3488_8610.png,river
2292_2694_1204.png,modified_wooded_badlands_plateau
2293_2598_8050.png,jungle_hills
2293_4113_4549.png,jungle_hills
2296_3577_8499.png,plains
2297_4411_2500.png,savanna
2299_4005_6007.png,swamp
2302_3965_5764.png,lukewarm_ocean
2305_4108_7031.png,stone_shore
2305_4925_9927.png,mushroom_fields
2309_2494_3657.png,river
2310_4742_9944.png,shattered_savanna_plateau
2312_2624_4604.png,modified_jungle
2314_2691_6114.png,gravelly_mountains+
2315_4493_2838.png,mountains
2318_3609_8457.png,birch_forest
2323_2002_3262.png,snowy_beach
2325_2460_5227.png,birch_forest
2325_2775_1139.png,shattered_savanna_plateau
2330_2857_8783.png,savanna
2333_3375_1233.png,modified_wooded_badlands_plateau
2337_3301_2072.png,forest
2343_4210_3475.png,plains
2346_3149_9876.png,snowy_tundra
2346_4716_9437.png,swamp
2351_4818_1998.png,taiga
2352_4943_7193.png,gravelly_mountains+
2353_2046_8864.png,jungle_edge
2353_4987_7302.png,jungle_hills
2354_4743_3194.png,birch_forest
2356_4104_8852.png,bamboo_jungle
2358_2680_6224.png,mountains
2361_3887_4760.png,swamp
2361_4889_5790.png,gravelly_mountains+
2370_3991_7964.png,lukewarm_ocean
2372_4267_3833.png,mountains
2374_3427_3526.png,birch_forest
2376_2563_5874.png,snowy_tundra
2379_3723_6895.png,bamboo_jungle
2380_2407_9548.png,mushroom_fields
2380_3912_1220.png,dark_forest
2389_2189_4724.png,river
2389_4633_3324.png,jungle_edge
2391_2935_3888.png,jungle
2394_2805_8173.png,modified_wooded_badlands_plateau
2397_3971_1316.png,taiga
2398_3044_3260.png,stone_shore
2398_4063_2304.png,modified_badlands_plateau
2399_4781_3211.png,mushroom_fields
2400_3233_9007.png,savanna
2400_3945_5074.png,jungle_hills
2400_4037_5708.png,bamboo_jungle
2404_3084_3275.png,sunflower_plains
2406_4242_3277.png,plains
2406_4945_5311.png,river
2408_4015_5897.png,gravelly_mountains+
2413_4576_7644.png,plains
2415_2324_8958.png,mushroom_fields
2419_4581_9184.png,modified_jungle_edge
2420_4478_6227.png,modified_badlands_plateau
2421_4634_9931.png,snowy_tundra
2423_4937_1911.png,bamboo_jungle
2425_4266_8681.png,shattered_savanna_plateau
2427_2704_5588.png,swamp
2430_2579_6146.png,snowy_tundra
2432_3366_6784.png,swamp
2432_3575_7069.png,shattered_savanna_plateau
2434_3507_5555.png,river
2437_2532_8485.png,forest
2440_2504_7199.png,forest
2441_4518_6023.png,taiga
2442_2760_7991.png,forest
2444_4258_8692.png,savanna
2448_3212_7378.png,dark_forest
2448_4181_3537.png,lukewarm_ocean
2449_2186_7502.png,savanna
2451_2351_1425.png,taiga
2452_3621_2908.png,modified_wooded_badlands_plateau
2456_3755_4196.png,gravelly_mountains+
2457_4213_9714.png,snowy_beach
2459_3224_8506.png,snowy_tundra
2465_2182_2000.png,mushroom_field_shore
2469_4675_9163.png,sunflower_plains
2470_3194_2288.png,stone_shore
2471_2331_1636.png,modified_wooded_badlands_plateau
2472_2222_9109.png,birch_forest
2472_3637_2391.png,beach
2476_2194_9957.png,modified_wooded_badlands_plateau
2478_4642_7428.png,mushroom_fields
2480_2449_9065.png,sunflower_plains
2480_3443_7732.png,desert
2482_2756_5673.png,bamboo_jungle
2484_4566_2625.png,modified_jungle
2492_2575_4198.png,stone_shore
2493_3677_9085.png,sunflower_plains
2494_3367_6454.png,modified_badlands_plateau
2496_3727_7617.png,plains
2497_4209_1316.png,savanna
2499_2723_4910.png,snowy_beach
2500_2057_4990.png,sunflower_plains
2501_3292_6880.png,forest
2504_4014_2950.png,modified_jungle_edge
2506_2719_4468.png,modified_wooded_badlands_plateau
2507_2465_1531.png,birch_forest
2509_2344_6652.png,snowy_tundra
2512_3274_5235.png,jungle_hills
2517_2665_3907.png,sunflower_plains
2519_2728_1641.png,lukewarm_ocean
2521_3955_6244.png,jungle_edge
2522_4020_8688.png,plains
2524_3559_5261.png,savanna
2525_3972_3627.png,beach
2529_4419_4308.png,shattered_savanna_plateau
2530_3943_9844.png,gravelly_mountains+
2531_4809_8740.png,swamp
2535_3602_2918.png,birch_forest
2537_3444_7783.png,snowy_beach
2538_2296_3311.png,modified_jungle_edge
2539_2148_2255.png,plains
2543_4008_5925.png,sunflower_plains
2545_3556_1468.png,modified_jungle_edge
2545_4200_2697.png,lukewarm_ocean
2546_4643_6600.png,beach
2549_2736_8882.png,mushroom_field_shore
2550_3590_3617.png,modified_wooded_badlands_plateau
2553_3748_1895.png,modified_jungle
2559_2749_2397.png,bamboo_jungle
2560_3606_3385.png,mountains
2560_4812_9414.png,desert
2562_2132_4716.png,plains
2566_3282_6095.png,snowy_beach
2570_4266_5194.png,snowy_tundra
2571_2818_5339.png,lukewarm_ocean
2571_3757_8472.png,jungle_edge
2572_2354_4795.png,mountains
2572_4362_1490.png,birch_forest
2578_2914_8403.png,beach
2579_2399_1772.png,modified_wooded_badlands_plateau
2579_3531_8209.png,desert
2581_3180_9785.png,mushroom_fields
2581_4134_4271.png,snowy_beach
2583_3284_2429.png,plains
2584_3379_9708.png,modified_jungle_edge
2587_4989_3999.png,shattered_savanna_plateau
2588_2388_4005.png,modified_wooded_badlands_plateau
2589_2991_2839.png,lukewarm_ocean
2589_3058_2502.png,stone_shore
2591_3143_2025.png,river
2592_4302_5535.png,desert
2593_2858_2715.png,stone_shore
2593_2939_8209.png,lukewarm_ocean
2594_2797_9413.png,modified_jungle
2596_3249_8481.png,bamboo_jungle
2596_3908_4266.png,mushroom_fields
2597_4329_2417.png,jungle
2597_4818_4795.png,shattered_savanna_plateau
2598_4810_6789.png,savanna
2600_3295_9474.png,snowy_beach
2601_3276_2984.png,mountains
2602_3308_3553.png,lukewarm_ocean
2602_3578_2238.png,mushroom_fields
2602_4680_4164.png,gravelly_mountains+
2606_3226_4102.png,taiga
2606_3842_7795.png,swamp
2607_4613_3090.png,modified_wooded_badlands_plateau
2609_3575_3818.png,taiga
2615_4173_3312.png,bamboo_jungle
2620_4589_4282.png,lukewarm_ocean
2622_3443_6152.png,birch_forest
2623_4814_4526.png,mushroom_fields
2625_3079_6308.png,stone_shore
2626_3859_8491.png,snowy_tundra
2630_4509_7566.png,birch_forest
2632_4271_9565.png,snowy_beach
2633_4852_4856.png,modified_badlands_plateau
2635_4098_9644.png,swamp
2638_3853_1655.png,taiga
2638_3955_8653.png,shattered_savanna_plateau
2638_3997_6288.png,modified_jungle
2640_2886_5481.png,birch_forest
2643_4476_5155.png,mushroom_field_shore
2649_4685_3203.png,shattered_savanna_plateau
2650_2354_2067.png,stone_shore
2650_3814_6426.png,birch_forest
2650_4381_8135.png,lukewarm_ocean
2652_2064_1751.png,jungle_hills
2659_4039_8928.png,jungle_edge
2662_3575_4800.png,taiga
2667_4993_3195.png,sunflower_plains
2673_4203_2570.png,desert
2673_4258_9143.png,jungle_hills
2673_4490_8417.png,savanna
2674_3400_9622.png,taiga
2688_3120_5378.png,mushroom_fields
2689_2644_9452.png,shattered_savanna_plateau
2691_3095_5194.png,stone_shore
2694_2400_1853.png,modified_jungle_edge
2699_2974_5375.png,mushroom_field_shore
2700_3497_9887.png,savanna
2705_4016_4149.png,dark_forest
2706_3079_1587.png,snowy_beach
2711_2952_1522.png,forest
2712_5000_9025.png,snowy_beach
2715_4776_5582.png,sunflower_plains
2721_3203_9539.png,jungle
2721_4465_5049.png,stone_shore
2726_3378_1437.png,snowy_tundra
2726_4370_9238.png,swamp
2733_2398_5969.png,mushroom_fields
2737_3561_2942.png,beach
2739_4423_4809.png,jungle_edge
2742_4291_4507.png,sunflower_plains
2743_2521_7019.png,mountains
2745_2427_3674.png,desert
2745_3800_3682.png,birch_forest
2745_4574_3847.png,modified_jungle_edge
2746_2607_9980.png,swamp
2750_2287_1087.png,mountains
2754_3862_8545.png,modified_jungle
2756_3718_2131.png,tall_birch_forest
2762_4399_6304.png,lukewarm_ocean
2763_4034_7317.png,shattered_savanna_plateau
2765_3498_9973.png,jungle_hills
2768_2483_1386.png,gravelly_mountains+
2769_4497_9239.png,forest
2772_2093_6746.png,birch_forest
2774_3747_9284.png,beach
2775_3723_3470.png,lukewarm_ocean
2777_4174_8136.png,mountains
2777_4932_9885.png,shattered_savanna_plateau
2778_2782_1165.png,plains
2782_3286_6451.png,plains
2782_3432_5564.png,desert
2783_4744_1903.png,jungle_edge
2784_4436_1064.png,jungle
2785_2165_6055.png,mushroom_field_shore
2787_4386_8968.png,modified_wooded_badlands_plateau
2787_4522_2059.png,forest
2791_2683_4962.png,snowy_beach
2793_4910_9125.png,modified_jungle
2794_2366_4379.png,savanna
2796_4580_6407.png,snowy_tundra
2797_3760_8606.png,mushroom_fields
2803_3551_3722.png,desert
2807_2467_1242.png,modified_wooded_badlands_plateau
2807_3878_6000.png,birch_forest
2808_4867_3489.png,dark_forest
2810_4889_4682.png,savanna
2812_4104_2263.png,taiga
2813_4813_9311.png,forest
2815_2147_3673.png,sunflower_plains
2817_3423_5648.png,mushroom_fields
2818_2051_8984.png,modified_jungle_edge
2823_4672_2193.png,taiga
2826_2590_1493.png,sunflower_plains
2835_2250_5159.png,lukewarm_ocean
2842_3966_6851.png,dark_forest
2842_4563_1606.png,modified_jungle_edge
2847_3004_1878.png,snowy_beach
2851_4690_4040.png,forest
2852_4545_4755.png,dark_forest
2853_2886_8400.png,dark_forest
2856_4458_7902.png,dark_forest
2858_4620_9942.png,birch_forest
2859_3260_7389.png,taiga
2859_3700_6204.png,swamp
2860_3859_1368.png,lukewarm_ocean
2863_4415_7020.png,dark_forest
2864_2152_8099.png,mushroom_field_shore
2866_2915_2963.png,gravelly_mountains+
2866_4185_4780.png,beach
2866_4368_7775.png,modified_jungle
2872_2798_3128.png,forest
2881_2388_7490.png,stone_shore
2882_4924_5903.png,forest
2884_2063_6484.png,jungle_hills
2884_2558_2607.png,mushroom_fields
2884_4552_6746.png,snowy_beach
2890_3034_3168.png,beach
2893_3250_4880.png,jungle_edge
2893_3712_1553.png,beach
2893_4755_7193.png,gravelly_mountains+
2901_2910_1465.png,taiga
2903_3794_1608.png,sunflower_plains
2904_2479_4983.png,stone_shore
2906_2196_8848.png,modified_jungle_edge
2911_3749_6426.png,beach
2912_2694_5285.png,desert
2913_2037_1048.png,savanna
2913_3805_2789.png,birch_forest
2916_2384_5337.png,taiga
2920_4855_7277.png,jungle_hills
2924_3387_8724.png,modified_wooded_badlands_plateau
2924_4433_8723.png,modified_badlands_plateau
2925_2816_3421.png,shattered_savanna_plateau
2926_2097_9984.png,bamboo_jungle
2928_3310_2303.png,snowy_tundra
2928_4545_5359.png,taiga
2930_4463_5263.png,snowy_beach
2931_2729_1149.png,modified_wooded_badlands_plateau
2933_3254_3601.png,mushroom_field_shore
2933_4324_9969.png,mushroom_fields
2936_4615_6377.png,jungle
2942_3358_1777.png,forest
2942_3810_3464.png,bamboo_jungle
2945_4735_7735.png,birch_forest
2947_2539_6852.png,swamp
2948_3196_2871.png,lukewarm_ocean
2951_2016_1080.png,modified_jungle_edge
2953_2814_4153.png,modified_wooded_badlands_plateau
2954_2660_6657.png,modified_jungle
2955_3017_4008.png,forest
2960_4458_6262.png,mushroom_field_shore
2966_3910_9949.png,desert
2970_2150_4326.png,modified_wooded_badlands_plateau
2977_4061_1259.png,dark_forest
2977_4151_1942.png,snowy_tundra
2977_4460_8227.png,jungle_hills
2978_2112_2590.png,modified_jungle_edge
2980_3298_5580.png,stone_shore
2980_3625_4730.png,savanna
2983_4130_7687.png,beach
2984_4655_4868.png,beach
2985_4599_6191.png,lukewarm_ocean
2991_3613_9088.png,sunflower_plains
2991_4072_6198.png,swamp
2995_3551_5682.png,forest
2996_3942_8593.png,taiga
2997_4094_8617.png,modified_jungle
2998_3263_9597.png,modified_wooded_badlands_plateau
2999_4594_8206.png,snowy_beach
3001_4893_4723.png,birch_forest
3005_2325_5040.png,plains
3006_4300_9182.png,swamp
3010_4776_3943.png,sunflower_plains
3012_4043_5910.png,stone_shore
3014_2663_9672.png,swamp
3014_3043_6710.png,dark_forest
3014_4019_1398.png,beach
3014_4608_4781.png,modified_badlands_plateau
3016_2335_2688.png,jungle
3016_3628_7362.png,birch_forest
3018_2800_2445.png,dark_forest
3020_4034_5636.png,jungle_hills
3020_4372_9520.png,dark_forest
3021_2886_7599.png,mushroom_field_shore
3024_4715_8267.png,modified_badlands_plateau
3027_2585_8681.png,jungle_edge
3027_2676_3339.png,jungle_edge
3028_3972_8122.png,jungle
3030_2366_3694.png,plains
3033_3694_5878.png,river
3034_2599_9358.png,swamp
3036_3696_5247.png,mushroom_fields
3037_4227_9151.png,snowy_tundra
3037_4347_8924.png,gravelly_mountains+
3039_3609_2091.png,birch_forest
3042_2633_5090.png,shattered_savanna_plateau
3044_2911_5148.png,shattered_savanna_plateau
3047_4676_8148.png,jungle_hills
3050_3803_9456.png,modified_jungle_edge
3052_2087_1229.png,modified_jungle
3052_3560_4384.png,modified_jungle
3052_4964_4724.png,lukewarm_ocean
3054_2128_8147.png,modified_jungle_edge
3054_2355_8122.png,dark_forest
3056_4377_8598.png,dark_forest
3058_4197_1570.png,forest
3061_3333_4793.png,river
3063_3558_8963.png,desert
3063_3989_1678.png,shattered_savanna_plateau
3063_4399_9715.png,birch_forest
3065_2071_1113.png,mushroom_field_shore
3074_4179_4826.png,shattered_savanna_plateau
3075_4805_3421.png,swamp
3077_4709_3982.png,bamboo_jungle
3081_3117_4804.png,desert
3083_2894_4237.png,jungle_edge
3084_4290_7332.png,gravelly_mountains+
3084_4917_7231.png,modified_jungle_edge
3085_2439_9903.png,savanna
3086_3928_3028.png,taiga
3089_2009_7765.png,mushroom_field_shore
3090_2779_2493.png,snowy_beach
3094_3356_2700.png,dark_forest
3094_4272_9897.png,mushroom_field_shore
3096_4630_4467.png,shattered_savanna_plateau
3100_3487_8494.png,gravelly_mountains+
3101_2378_1164.png,desert
3101_4480_6524.png,stone_shore
3102_3056_1271.png,stone_shore
3103_4153_9619.png,swamp
3106_2184_1045.png,taiga
3108_3209_4069.png,river
3109_3764_7650.png,jungle
3111_3778_9720.png,jungle_hills
3112_4493_4499.png,mushroom_field_shore
3119_3268_5467.png,modified_badlands_plateau
3120_2667_1080.png,beach
3127_4570_3067.png,lukewarm_ocean
3129_3489_5280.png,river
3130_2509_7153.png,jungle_hills
3130_3110_8639.png,jungle
3139_3363_3335.png,birch_forest
3139_4550_7962.png,mushroom_field_shore
3141_3420_6724.png,snowy_beach
3141_3982_1097.png,tall_birch_forest
3141_4244_7950.png,plains
3141_4817_9703.png,snowy_tundra
3144_3257_1872.png,jungle_edge
3145_4049_9246.png,desert
3148_2650_2891.png,mushroom_field_shore
3151_2932_1017.png,snowy_tundra
3152_4209_3840.png,gravelly_mountains+
3157_2353_8763.png,jungle_edge
3159_2746_1034.png,swamp
3162_4049_8690.png,birch_forest
3163_4265_8987.png,savanna
3164_3954_3192.png,modified_jungle
3167_4893_5088.png,snowy_beach
3169_3981_4393.png,jungle
3171_3217_8005.png,gravelly_mountains+
3175_2403_6424.png,modified_jungle
3175_3122_7522.png,snowy_tundra
3175_3847_1693.png,snowy_beach
3175_4770_3917.png,jungle
3175_4946_7470.png,jungle_hills
3178_2681_7746.png,modified_badlands_plateau
3180_2797_1080.png,snowy_beach
3180_3349_6958.png,lukewarm_ocean
3181_4519_1927.png,birch_forest
3188_2865_7067.png,modified_wooded_badlands_plateau
3198_3623_4957.png,river
3203_2838_5322.png,gravelly_mountains+
3205_3097_3794.png,snowy_tundra
3209_4337_4443.png,mushroom_field_shore
3215_2198_1723.png,mushroom_fields
3215_2502_3676.png,mountains
3216_2135_4929.png,modified_jungle_edge
3219_3969_2938.png,stone_shore
3220_2588_8356.png,mushroom_fields
3221_2093_4754.png,jungle
3223_3972_9199.png,birch_forest
3230_2150_1485.png,bamboo_jungle
3230_2572_1996.png,jungle_edge
3233_3788_6044.png,gravelly_mountains+
3234_2813_3091.png,modified_jungle
3234_3630_8517.png,mushroom_field_shore
3235_2896_3600.png,plains
3237_4534_5325.png,snowy_tundra
3238_3010_8834.png,snowy_beach
3238_4601_3100.png,taiga
3239_4590_9728.png,gravelly_mountains+
3241_3857_9296.png,modified_jungle
3243_4060_7997.png,stone_shore
3246_2849_9344.png,snowy_beach
3247_4357_1378.png,modified_wooded_badlands_plateau
3250_2818_5035.png,modified_wooded_badlands_plateau
3253_4456_5942.png,lukewarm_ocean
3260_3999_8784.png,birch_forest
3260_4847_8024.png,beach
3261_3191_8246.png,modified_jungle_edge
3261_4126_7654.png,jungle_edge
3263_2076_5738.png,savanna
3266_4742_3168.png,mountains
3267_3999_9199.png,gravelly_mountains+
3269_2381_2535.png,mountains
3269_3761_1306.png,snowy_tundra
3273_4771_7732.png,forest
3274_2973_8290.png,swamp
3274_3751_4898.png,mushroom_fields
3276_4561_2692.png,desert
3276_4600_1991.png,savanna
3276_4849_4679.png,mountains
3277_4818_3227.png,river
3278_4134_8990.png,bamboo_jungle
3278_4808_3036.png,bamboo_jungle
3279_2420_8585.png,lukewarm_ocean
3280_2618_3201.png,dark_forest
3284_3011_1555.png,gravelly_mountains+
3286_2890_6852.png,snowy_tundra
3286_3606_4942.png,bamboo_jungle
3286_4357_8445.png,jungle_edge
3292_3771_2359.png,jungle_hills
3296_4738_8373.png,modified_wooded_badlands_plateau
3296_4828_8541.png,mushroom_field_shore
3298_4258_6886.png,dark_forest
3299_2576_2070.png,jungle
3299_2926_7050.png,sunflower_plains
3299_3582_1262.png,stone_shore
3300_3386_7684.png,beach
3305_3179_4527.png,taiga
3306_4771_4119.png,snowy_beach
3309_4516_4683.png,taiga
3312_2018_9321.png,taiga
3312_2442_9045.png,mountains
3313_3596_3457.png,shattered_savanna_plateau
3315_3913_4428.png,stone_shore
3320_2130_1646.png,gravelly_mountains+
3324_4681_3487.png,forest
3327_4186_7021.png,stone_shore
3331_4801_4284.png,swamp
3333_2537_8308.png,taiga
3333_3375_2273.png,shattered_savanna_plateau
3337_4164_1474.png,sunflower_plains
3337_4992_8769.png,mountains
3338_2805_9410.png,jungle_edge
3339_4214_1043.png,gravelly_mountains+
3342_4063_3990.png,jungle_edge
3344_2596_7378.png,bamboo_jungle
3344_3049_3322.png,modified_jungle
3344_4315_2337.png,dark_forest
3350_3844_3351.png,modified_wooded_badlands_plateau
3350_4494_8785.png,swamp
3351_2545_2648.png,modified_badlands_plateau
3351_3483_8922.png,gravelly_mountains+
3360_3924_4500.png,modified_jungle
3364_2021_3678.png,modified_jungle_edge
3369_2464_8366.png,swamp
3369_4514_6014.png,mushroom_field_shore
3371_2533_9619.png,modified_badlands_plateau
3371_2534_2241.png,birch_forest
3373_3681_3680.png,dark_forest
3373_3882_5851.png,swamp
3374_2423_6746.png,mushroom_fields
3377_2484_9162.png,modified_wooded_badlands_plateau
3378_2915_3098.png,gravelly_mountains+
3381_3985_8848.png,bamboo_jungle
3382_2796_6407.png,mushroom_fields
3383_3139_7303.png,modified_jungle_edge
3385_4510_2284.png,modified_wooded_badlands_plateau
3387_2058_9056.png,plains
3397_2853_7283.png,gravelly_mountains+
3397_3748_5874.png,birch_forest
3398_2399_4714.png,bamboo_jungle
3404_4841_6804.png,savanna
3406_3387_7811.png,lukewarm_ocean
3407_2652_1232.png,snowy_tundra
3410_3523_2670.png,beach
3412_4363_6485.png,jungle
3413_3307_2770.png,taiga
3416_4024_8583.png,swamp
3417_2758_2550.png,jungle_hills
3417_4247_8285.png,jungle_hills
3420_3929_9864.png,gravelly_mountains+
3423_2106_2286.png,swamp
3424_4126_1798.png,modified_wooded_badlands_plateau
3429_4263_5147.png,river
3431_4417_3435.png,mountains
3432_4063_9806.png,mushroom_fields
3434_3291_9099.png,tall_birch_forest
3435_2798_8070.png,sunflower_plains
3440_3044_5205.png,dark_forest
3440_3124_1411.png,mushroom_fields
3441_3540_9510.png,modified_jungle_edge
3443_4396_5252.png,jungle_edge
3448_3370_9033.png,savanna
3454_4996_7337.png,modified_wooded_badlands_plateau
3457_2201_3738.png,jungle
3458_3305_2145.png,snowy_tundra
3459_4973_3152.png,mountains
3461_2950_9531.png,bamboo_jungle
3464_4724_8817.png,jungle
3469_4789_9029.png,modified_jungle
3473_2092_7498.png,stone_shore
3474_4254_6296.png,birch_forest
3475_3106_6147.png,snowy_beach
3476_3676_5659.png,jungle_edge
3478_2666_5141.png,mushroom_field_shore
3482_2987_9053.png,mushroom_field_shore
3484_4035_3483.png,modified_wooded_badlands_plateau
3484_4504_7396.png,modified_jungle
3486_3093_4257.png,taiga
3487_2997_3279.png,desert
3489_2783_1913.png,desert
3492_2596_8113.png,beach
3495_3544_2319.png,sunflower_plains
3496_4427_8084.png,savanna
3508_4416_7065.png,plains
3509_2951_4189.png,snowy_tundra
3513_3910_6467.png,river
3514_3767_7086.png,plains
3517_3197_1159.png,mushroom_fields
3517_3360_7674.png,plains
3517_4944_3449.png,plains
3518_4270_3215.png,snowy_tundra
3523_2717_7870.png,modified_wooded_badlands_plateau
3525_3476_1309.png,modified_badlands_plateau
3526_2227_1207.png,jungle_hills
3531_3061_7994.png,mushroom_field_shore
3531_3820_1320.png,modified_wooded_badlands_plateau
3532_3459_4610.png,dark_forest
3532_4672_2810.png,plains
3533_4377_3724.png,dark_forest
3534_4796_1107.png,jungle_hills
3535_4900_8811.png,modified_wooded_badlands_plateau
3538_2420_6973.png,savanna
3542_3417_6405.png,bamboo_jungle
3549_3112_8577.png,desert
3551_4208_1331.png,taiga
3559_2015_4075.png,jungle
3560_3157_9749.png,gravelly_mountains+
3561_4154_5930.png,gravelly_mountains+
3561_4516_3635.png,desert
3562_2558_4235.png,dark_forest
3562_4231_5334.png,mushroom_field_shore
3565_3259_5895.png,mushroom_fields
3569_3032_5155.png,mountains
3570_3775_4781.png,savanna
3574_4271_3132.png,modified_badlands_plateau
3574_4663_4981.png,snowy_tundra
3575_4867_8982.png,gravelly_mountains+
3576_2478_5520.png,birch_forest
3576_3615_3081.png,gravelly_mountains+
3581_2407_4737.png,modified_badlands_plateau
3581_4730_6289.png,jungle_hills
3582_2983_6902.png,desert
3582_4534_3069.png,modified_badlands_plateau
3588_3137_6943.png,gravelly_mountains+
3588_4811_3916.png,shattered_savanna_plateau
3589_3902_4394.png,mushroom_field_shore
3594_2929_3967.png,jungle_edge
3595_2680_3995.png,stone_shore
3596_4452_7350.png,snowy_tundra
3597_3531_5755.png,shattered_savanna_plateau
3599_2626_4257.png,mushroom_field_shore
3602_3941_7797.png,bamboo_jungle
3602_4589_2284.png,sunflower_plains
3605_4732_9472.png,shattered_savanna_plateau
3609_3458_5426.png,tall_birch_forest
3609_4250_8286.png,sunflower_plains
3611_3849_7201.png,jungle
3612_4227_5773.png,sunflower_plains
3619_4683_5586.png,shattered_savanna_plateau
3621_2913_4575.png,gravelly_mountains+
3621_4723_4399.png,desert
3624_2854_1012.png,mountains
3624_4244_2793.png,swamp
3626_3640_5523.png,stone_shore
3626_3944_9050.png,mushroom_field_shore
3631_4602_9499.png,gravelly_mountains+
3633_4228_8139.png,beach
3634_2528_1615.png,forest
3642_2543_5033.png,modified_jungle_edge
3643_2319_5253.png,forest
3643_4316_3333.png,modified_jungle
3646_4352_6008.png,sunflower_plains
3649_3524_3796.png,savanna
3653_2604_4773.png,jungle_hills
3653_4255_9075.png,sunflower_plains
3658_2329_8079.png,bamboo_jungle
3660_3308_4100.png,birch_forest
3662_2537_2183.png,lukewarm_ocean
3663_2524_1236.png,mountains
3667_3926_7216.png,river
3671_3547_1803.png,modified_jungle
3674_2490_8697.png,modified_badlands_plateau
3674_3583_7536.png,modified_wooded_badlands_plateau
3675_4181_7199.png,beach
3675_4834_3457.png,beach
3678_4685_6494.png,modified_jungle
3678_4943_4595.png,stone_shore
3680_2557_3244.png,gravelly_mountains+
3680_4444_9570.png,sunflower_plains
3682_3024_4146.png,bamboo_jungle
3683_3965_3792.png,forest
3688_2756_4815.png,shattered_savanna_plateau
3692_3208_7546.png,bamboo_jungle
3693_4878_9858.png,lukewarm_ocean
3694_2578_4305.png,shattered_savanna_plateau
3695_4857_6235.png,jungle
3700_4927_8025.png,dark_forest
3701_3135_7113.png,forest
3701_3991_8884.png,shattered_savanna_plateau
3705_4012_1764.png,mushroom_field_shore
3705_4248_1195.png,savanna
3708_2326_5589.png,desert
3711_2782_7034.png,mushroom_field_shore
3712_4442_3703.png,mushroom_fields
3713_4699_3813.png,forest
3714_3917_7425.png,mountains
3716_4693_2930.png,beach
3717_2160_4541.png,desert
3717_2620_2203.png,snowy_tundra
3718_3174_6589.png,sunflower_plains
3719_3492_8781.png,modified_jungle
3720_2553_8526.png,gravelly_mountains+
3723_4847_7141.png,plains
3727_4911_7943.png,snowy_tundra
3728_2226_1410.png,jungle_hills
3729_4324_3801.png,river
3730_3337_6069.png,birch_forest
3733_2270_5837.png,sunflower_plains
3735_4270_6461.png,snowy_tundra
3737_2358_2275.png,desert
3738_3984_6145.png,mushroom_fields
3738_4280_4542.png,bamboo_jungle
3739_2725_4253.png,jungle_hills
3739_2880_8643.png,snowy_tundra
3740_2848_6813.png,forest
3740_3560_1977.png,sunflower_plains
3740_4297_6915.png,sunflower_plains
3743_4636_3902.png,desert
3744_2366_3590.png,bamboo_jungle
3744_4529_5847.png,gravelly_mountains+
3745_4260_7019.png,plains
3747_4794_7310.png,savanna
3749_2148_1415.png,savanna
3749_3748_2128.png,shattered_savanna_plateau
3751_3658_4355.png,lukewarm_ocean
3755_3819_9062.png,modified_wooded_badlands_plateau
3756_3398_7379.png,lukewarm_ocean
3757_4995_2347.png,bamboo_jungle
3763_3035_9933.png,modified_badlands_plateau
3763_3611_9072.png,jungle
3765_3197_4761.png,jungle
3766_2931_3925.png,snowy_beach
3768_2708_9573.png,modified_jungle
3768_4833_8668.png,shattered_savanna_plateau
3769_2459_9080.png,dark_forest
3770_2333_7197.png,bamboo_jungle
3771_3648_2599.png,beach
3775_4974_1122.png,swamp
3781_2998_9338.png,forest
3782_3330_5921.png,plains
3787_4105_5677.png,sunflower_plains
3789_2179_4403.png,shattered_savanna_plateau
3790_3431_1761.png,mushroom_field_shore
3791_3776_2626.png,mushroom_fields
3793_3508_3721.png,stone_shore
3793_4863_2557.png,river
3796_3007_9939.png,modified_jungle_edge
3804_4645_3248.png,jungle_edge
3805_3370_3094.png,stone_shore
3809_4934_4855.png,sunflower_plains
3814_2163_3979.png,modified_jungle_edge
3815_4743_8037.png,modified_wooded_badlands_plateau
3817_3573_7922.png,river
3818_2493_4458.png,shattered_savanna_plateau
3818_3572_9685.png,lukewarm_ocean
3822_2684_6308.png,birch_forest
3822_3743_8268.png,sunflower_plains
3826_4186_1554.png,beach
3827_4716_4309.png,birch_forest
3828_2817_3242.png,savanna
3828_3759_8193.png,shattered_savanna_plateau
3831_3606_7627.png,shattered_savanna_plateau
3833_3307_7779.png,forest
3833_3739_2629.png,snowy_beach
3836_2113_4481.png,modified_jungle_edge
3838_2432_5207.png,beach
3843_2420_5383.png,birch_forest
3843_2580_9434.png,mountains
3843_2949_3078.png,mountains
3845_4438_9182.png,modified_wooded_badlands_plateau
3848_4875_2568.png,forest
3851_2247_6083.png,modified_jungle_edge
3852_3071_9243.png,jungle_hills
3855_2091_6436.png,dark_forest
3862_3010_7789.png,snowy_tundra
3869_2944_1115.png,desert
3873_4939_1788.png,mushroom_field_shore
3875_3420_9368.png,shattered_savanna_plateau
3877_4403_6651.png,lukewarm_ocean
3879_4732_9368.png,jungle_hills
3881_2044_8412.png,dark_forest
3881_3752_2480.png,mushroom_field_shore
3881_4860_9257.png,modified_jungle_edge
3882_4843_3024.png,snowy_beach
3885_2374_4648.png,modified_badlands_plateau
3886_2205_9834.png,sunflower_plains
3886_4393_7843.png,modified_badlands_plateau
3887_2802_6059.png,modified_badlands_plateau
3887_4426_1636.png,modified_badlands_plateau
3889_2981_1383.png,desert
3890_2028_9559.png,mountains
3896_2000_1524.png,snowy_tundra
3896_3959_5276.png,gravelly_mountains+
3897_3719_1293.png,plains
3899_3872_5321.png,stone_shore
3903_2308_5146.png,snowy_beach
3905_3340_2250.png,mountains
3905_3425_7476.png,plains
3909_2899_6598.png,snowy_beach
3917_2009_8460.png,plains
3918_4364_6744.png,desert
3925_2470_1050.png,lukewarm_ocean
3927_2068_1949.png,plains
3929_4155_1602.png,shattered_savanna_plateau
3930_2818_5704.png,jungle_hills
3933_2361_6224.png,swamp
3933_4060_3449.png,bamboo_jungle
3933_4881_7779.png,shattered_savanna_plateau
3934_3778_2944.png,mushroom_field_shore
3935_4425_7102.png,beach
3936_4717_4136.png,lukewarm_ocean
3939_2683_2554.png,gravelly_mountains+
3939_3014_2239.png,savanna
3939_4190_6873.png,stone_shore
3942_4330_6501.png,stone_shore
3942_4820_7902.png,swamp
3943_3761_8060.png,birch_forest
3944_2621_1574.png,tall_birch_forest
3944_4511_9593.png,jungle
3947_3872_5612.png,forest
3948_2827_9844.png,jungle
3948_4636_3187.png,mushroom_fields
3955_3626_6093.png,jungle_hills
3956_4695_3988.png,modified_badlands_plateau
3957_4359_4228.png,modified_jungle_edge
3957_4530_9240.png,gravelly_mountains+
3958_2492_6800.png,bamboo_jungle
3958_3517_6880.png,modified_jungle_edge
3959_2357_2405.png,swamp
3961_4979_4854.png,bamboo_jungle
3962_2429_6691.png,dark_forest
3963_3776_9365.png,birch_forest
3964_2160_5290.png,snowy_beach
3964_3459_3511.png,mountains
3965_3695_3185.png,sunflower_plains
3966_4059_7980.png,plains
3967_2495_4703.png,jungle
3969_2003_7824.png,plains
3970_3692_5271.png,forest
3972_3626_9181.png,gravelly_mountains+
3974_3367_6315.png,modified_wooded_badlands_plateau
3982_4265_7545.png,river
3982_4660_9671.png,river
3984_3835_1657.png,snowy_beach
3988_2334_6641.png,snowy_tundra
3988_2551_2035.png,modified_wooded_badlands_plateau
3989_2124_3483.png,forest
3989_3332_7213.png,lukewarm_ocean
3990_2149_1272.png,mushroom_fields
3995_2684_7354.png,taiga
3995_2904_4879.png,sunflower_plains
3997_3108_9146.png,forest
4002_2716_6843.png,dark_forest
4002_3649_3520.png,plains
4004_3491_4232.png,mountains
4005_4094_8990.png,mushroom_fields
4006_3029_8840.png,modified_jungle
4012_3174_9898.png,taiga
4014_4970_2232.png,mushroom_fields
4015_3374_7833.png,desert
4018_2007_7204.png,savanna
4019_3701_1592.png,taiga
4020_4100_1769.png,jungle_edge
4021_2453_6954.png,mushroom_field_shore
4028_2857_8535.png,modified_wooded_badlands_plateau
4037_2880_6025.png,modified_badlands_plateau
4043_3125_9698.png,snowy_tundra
4044_3052_7821.png,river
4046_4008_5303.png,mountains
4047_2114_5819.png,modified_jungle
4047_2516_4339.png,stone_shore
4048_4749_3558.png,modified_jungle_edge
4053_3330_2785.png,desert
4055_3512_8726.png,taiga
4056_2691_6449.png,lukewarm_ocean
4056_3587_1743.png,swamp
4063_3040_3309.png,jungle
4068_3849_5067.png,sunflower_plains
4068_4158_7761.png,jungle_edge
4070_4844_7168.png,modified_badlands_plateau
4070_4930_8632.png,swamp
4071_2423_7627.png,mushroom_field_shore
4072_4668_7412.png,bamboo_jungle
4073_4986_4916.png,modified_badlands_plateau
4076_3818_1973.png,mushroom_fields
4077_3300_2574.png,stone_shore
4080_2982_5728.png,modified_jungle_edge
4080_3701_1734.png,bamboo_jungle
4081_4176_8799.png,mountains
4083_3758_6180.png,mountains
4084_2972_2584.png,plains
4087_4919_2465.png,gravelly_mountains+
4088_2875_8005.png,jungle
4088_2998_6332.png,modified_jungle_edge
4099_2596_3514.png,stone_shore
4106_2776_7798.png,modified_jungle
4106_4308_4572.png,snowy_tundra
4109_4672_2606.png,tall_birch_forest
4111_2171_2264.png,modified_jungle
4111_2178_8520.png,modified_jungle_edge
4114_2174_7917.png,forest
4124_4747_2896.png,bamboo_jungle
4126_4520_6981.png,beach
4128_2935_3913.png,sunflower_plains
4131_2876_3797.png,modified_jungle
4131_3415_5559.png,jungle_hills
4132_3843_8526.png,lukewarm_ocean
4133_2596_9045.png,modified_jungle
4137_4103_5664.png,jungle_edge
4138_3244_3538.png,beach
4140_3420_9894.png,modified_wooded_badlands_plateau
4140_4484_9632.png,sunflower_plains
4141_2031_3325.png,snowy_beach
4144_2391_7996.png,gravelly_mountains+
4147_2324_5865.png,sunflower_plains
4147_3386_3227.png,beach
4147_3452_9476.png,modified_wooded_badlands_plateau
4148_4516_6874.png,river
4151_4333_3012.png,jungle_hills
4153_2483_2091.png,mushroom_fields
4156_3655_9951.png,river
4157_2330_5497.png,jungle_hills
4157_2894_7227.png,mountains
4160_2401_8433.png,modified_jungle
4160_2648_2500.png,jungle
4161_2754_9123.png,modified_wooded_badlands_plateau
4163_3226_6686.png,mushroom_field_shore
4166_2176_9336.png,beach
4169_4544_9385.png,stone_shore
4172_2563_5997.png,jungle
4172_3439_5176.png,sunflower_plains
4175_4118_6769.png,river
4175_4272_7391.png,forest
4181_2904_3769.png,forest
4181_4458_9643.png,swamp
4182_4803_1306.png,modified_jungle
4185_2061_4550.png,modified_wooded_badlands_plateau
4188_2400_9455.png,jungle_edge
4189_3233_2305.png,beach
4189_4325_7189.png,modified_badlands_plateau
4192_2848_8975.png,taiga
4192_4406_3883.png,mountains
4193_4412_7274.png,snowy_tundra
4194_2448_5017.png,mushroom_fields
4194_4444_6647.png,taiga
4199_2412_6077.png,taiga
4199_3537_3661.png,sunflower_plains
4199_4329_2937.png,mushroom_fields
4200_4455_8108.png,savanna
4205_2320_9596.png,jungle
4207_4376_7140.png,mushroom_field_shore
4208_2378_9828.png,stone_shore
4213_3589_2507.png,jungle
4213_4336_6418.png,modified_jungle_edge
4214_3236_5037.png,jungle_edge
4218_4470_5688.png,mushroom_fields
4219_2759_6478.png,snowy_tundra
4220_4680_3890.png,birch_forest
4224_2166_1755.png,lukewarm_ocean
4225_2879_1575.png,jungle
4225_4667_8476.png,modified_jungle
4228_4323_7457.png,mushroom_fields
4233_4929_2374.png,lukewarm_ocean
4235_3743_2553.png,plains
4236_2093_3024.png,mountains
4236_3936_9874.png,dark_forest
4236_4895_2244.png,bamboo_jungle
4239_2815_3607.png,snowy_beach
4239_3953_8366.png,lukewarm_ocean
4239_4685_8220.png,stone_shore
4240_2544_2743.png,river
4241_4728_2967.png,mountains
4241_4779_1908.png,jungle_hills
4243_2894_8281.png,jungle_hills
4243_4078_7709.png,dark_forest
4249_4242_2565.png,birch_forest
4250_2624_8314.png,sunflower_plains
4252_2608_1392.png,jungle_edge
4252_4753_8523.png,mountains
4254_4788_7528.png,jungle
4257_2702_3184.png,lukewarm_ocean
4259_3295_3016.png,snowy_tundra
4260_2792_3879.png,modified_badlands_plateau
4262_2699_2665.png,mountains
4262_3228_7158.png,modified_badlands_plateau
4263_2349_9503.png,beach
4266_3552_1242.png,mushroom_field_shore
4270_2673_8437.png,jungle
4271_3060_2379.png,sunflower_plains
4280_4210_9136.png,taiga
4281_2004_4523.png,desert
4286_4189_3463.png,stone_shore
4288_4108_8841.png,modified_wooded_badlands_plateau
4290_2482_6884.png,mushroom_field_shore
4290_3304_8265.png,modified_wooded_badlands_plateau
4290_3935_9916.png,desert
4292_2919_8718.png,snowy_tundra
4292_2982_1078.png,savanna
4293_2043_2530.png,jungle
4293_4644_3788.png,snowy_beach
4295_4534_1781.png,jungle_hills
4296_3436_6301.png,stone_shore
4298_4535_6645.png,modified_badlands_plateau
4300_3203_4408.png,savanna
4300_3862_6550.png,plains
4301_3472_4962.png,modified_wooded_badlands_plateau
4301_4091_5709.png,jungle
4305_4762_5193.png,jungle_edge
4308_3232_3565.png,snowy_beach
4313_4308_6503.png,mushroom_field_shore
4317_3293_6163.png,modified_wooded_badlands_plateau
4319_3537_2253.png,swamp
4324_2975_7949.png,jungle
4328_2202_2633.png,desert
4328_4396_1756.png,modified_jungle_edge
4332_4535_7978.png,modified_badlands_plateau
4333_2561_2557.png,birch_forest
4334_3202_2889.png,bamboo_jungle
4342_2412_4236.png,lukewarm_ocean
4342_4092_5139.png,beach
4347_2306_5328.png,plains
4350_3066_8768.png,jungle_hills
4350_4312_9703.png,birch_forest
4352_4869_4497.png,snowy_tundra
4353_2767_3084.png,birch_forest
4353_4492_6081.png,bamboo_jungle
4354_4422_4292.png,desert
4354_4849_4350.png,stone_shore
4361_4234_3735.png,modified_jungle_edge
4361_4928_3234.png,mushroom_field_shore
4363_3039_5888.png,modified_jungle
4364_3525_3108.png,plains
4364_4068_5529.png,snowy_beach
4365_3624_8077.png,jungle_hills
4366_3223_5854.png,modified_jungle
4376_4772_7916.png,birch_forest
4377_4217_5110.png,swamp
4379_2128_8986.png,dark_forest
4379_3836_9743.png,stone_shore
4380_3950_3241.png,modified_wooded_badlands_plateau
4381_4296_9275.png,beach
4388_4962_9726.png,beach
4389_3281_3854.png,birch_forest
4390_4733_4465.png,modified_jungle_edge
4391_2466_9635.png,sunflower_plains
4391_3071_8855.png,modified_jungle
4391_3250_3355.png,mountains
4391_3296_2553.png,jungle
4391_3582_9731.png,shattered_savanna_plateau
4394_2349_7003.png,savanna
4394_4774_7713.png,modified_wooded_badlands_plateau
4396_3938_6814.png,shattered_savanna_plateau
4399_3371_8480.png,mountains
4399_4056_3247.png,modified_wooded_badlands_plateau
4400_2381_5418.png,mushroom_field_shore
4402_4527_9400.png,gravelly_mountains+
4404_4780_6325.png,modified_jungle
4406_3168_3278.png,gravelly_mountains+
4406_4841_5691.png,sunflower_plains
4409_3646_2183.png,mushroom_fields
4410_3146_5113.png,mountains
4412_4470_7011.png,beach
4413_4749_8958.png,modified_jungle
4415_2869_7987.png,taiga
4416_4302_2595.png,birch_forest
4420_2346_1865.png,jungle_edge
4421_2450_5401.png,jungle
4423_3429_2989.png,forest
4423_4878_4215.png,sunflower_plains
4437_3111_1074.png,snowy_tundra
4441_3634_2496.png,tall_birch_forest
4443_3599_3616.png,mountains
4443_4263_5646.png,bamboo_jungle
4445_4911_5407.png,modified_jungle_edge
4448_2316_3680.png,mushroom_fields
4448_4218_9921.png,taiga
4450_3647_1432.png,modified_badlands_plateau
4450_3941_6950.png,birch_forest
4455_2332_5119.png,tall_birch_forest
4459_4738_7913.png,stone_shore
4461_4783_7918.png,desert
4467_2081_4381.png,lukewarm_ocean
4470_4808_5437.png,gravelly_mountains+
4476_2156_5910.png,jungle_hills
4477_2644_5322.png,lukewarm_ocean
4477_2861_3841.png,sunflower_plains
4477_4259_8036.png,modified_badlands_plateau
4479_2202_3794.png,mountains
4481_3409_8170.png,stone_shore
4486_3094_7787.png,modified_jungle_edge
4486_4645_2382.png,sunflower_plains
4493_3067_1697.png,beach
4493_3784_8031.png,shattered_savanna_plateau
4493_4851_4152.png,swamp
4495_2574_1989.png,shattered_savanna_plateau
4499_4511_9313.png,forest
4502_2510_4104.png,dark_forest
4503_2205_7806.png,modified_badlands_plateau
4503_2858_7462.png,modified_wooded_badlands_plateau
4510_4150_4408.png,mountains
4512_4827_9031.png,beach
4513_3227_7629.png,modified_jungle_edge
4514_2261_6601.png,plains
4516_2999_7047.png,mushroom_fields
4516_3093_5910.png,dark_forest
4517_2708_5217.png,birch_forest
4519_2576_8069.png,shattered_savanna_plateau
4524_2998_2001.png,bamboo_jungle
4526_3920_3996.png,modified_wooded_badlands_plateau
4526_4033_9976.png,mushroom_fields
4526_4308_9643.png,desert
4533_3725_7849.png,modified_jungle_edge
4535_4813_4445.png,bamboo_jungle
4544_2424_7194.png,jungle
4545_2808_2810.png,modified_jungle
4548_2674_6035.png,jungle_hills
4548_3147_6007.png,snowy_beach
4548_3340_8905.png,jungle_edge
4553_4844_5727.png,shattered_savanna_plateau
4554_2198_7704.png,jungle
4556_4379_9122.png,snowy_beach
4557_3171_5755.png,sunflower_plains
4558_2521_4003.png,modified_jungle
4558_4147_5276.png,sunflower_plains
4560_3321_4572.png,savanna
4562_4230_2944.png,jungle_hills
4563_4932_6041.png,lukewarm_ocean
4565_4383_1468.png,birch_forest
4566_2300_9575.png,birch_forest
4566_3596_7498.png,dark_forest
4571_4693_1856.png,desert
4571_4982_7393.png,stone_shore
4572_4934_9304.png,jungle_edge
4573_2738_9746.png,mushroom_field_shore
4573_2881_6464.png,stone_shore
4575_4552_5439.png,river
4584_2095_2924.png,jungle_edge
4587_2967_2227.png,jungle_hills
4590_4005_3911.png,mushroom_fields
4590_4095_8205.png,taiga
4592_2246_5885.png,modified_wooded_badlands_plateau
4595_3789_2004.png,modified_badlands_plateau
4596_3911_3459.png,forest
4600_2518_1733.png,snowy_beach
4601_4361_9400.png,dark_forest
4610_2029_6681.png,taiga
4612_4688_9172.png,birch_forest
4616_2803_1694.png,river
4616_3849_7182.png,snowy_tundra
4617_3385_4836.png,taiga
4617_4681_2613.png,lukewarm_ocean
4620_4176_1992.png,dark_forest
4623_2435_4104.png,snowy_tundra
4625_4833_8778.png,plains
4630_2160_6907.png,tall_birch_forest
4630_2704_7388.png,modified_jungle
4631_2476_5518.png,lukewarm_ocean
4631_4056_8373.png,modified_wooded_badlands_plateau
4633_4132_2626.png,mushroom_fields
4637_4416_4246.png,mushroom_fields
4638_3373_6965.png,plains
4646_3674_3476.png,lukewarm_ocean
4651_4851_6687.png,bamboo_jungle
4653_2882_8475.png,snowy_tundra
4655_3607_8988.png,modified_jungle
4658_3397_4916.png,jungle
4658_3609_9650.png,modified_jungle_edge
4661_4591_1361.png,modified_badlands_plateau
4662_4906_7651.png,swamp
4663_2509_2863.png,river
4677_4992_2391.png,modified_jungle_edge
4679_3659_9282.png,snowy_tundra
4685_2219_8980.png,jungle_edge
4688_4727_9413.png,plains
4689_4283_3164.png,dark_forest
4691_4168_3268.png,modified_jungle_edge
4694_4156_9564.png,birch_forest
4695_4046_6835.png,shattered_savanna_plateau
4695_4781_3250.png,plains
4701_4186_1863.png,modified_badlands_plateau
4703_4130_4674.png,modified_jungle_edge
4706_4652_9462.png,modified_jungle_edge
4708_3967_1856.png,plains
4710_2109_2149.png,swamp
4714_3032_1026.png,taiga
4715_2260_4529.png,savanna
4717_2052_1296.png,shattered_savanna_plateau
4717_4599_1729.png,bamboo_jungle
4719_3766_2886.png,snowy_tundra
4720_4262_5079.png,bamboo_jungle
4725_2723_3476.png,mushroom_fields
4727_4649_1575.png,plains
4728_2543_7804.png,mushroom_field_shore
4728_3942_4831.png,sunflower_plains
4728_4271_7822.png,gravelly_mountains+
4729_2139_8980.png,bamboo_jungle
4729_4967_6901.png,dark_forest
4730_4481_6990.png,snowy_beach
4732_3572_6155.png,modified_badlands_plateau
4732_3880_2609.png,snowy_beach
4737_2823_2036.png,beach
4738_4487_6980.png,jungle_hills
4739_3234_5615.png,shattered_savanna_plateau
4740_2190_5990.png,plains
4740_3045_9133.png,modified_badlands_plateau
4740_3385_7586.png,desert
4741_2772_5413.png,modified_jungle_edge
4741_4521_6434.png,plains
4743_4079_4899.png,birch_forest
4745_4851_8657.png,lukewarm_ocean
4752_2610_2842.png,modified_jungle
4754_2824_4269.png,modified_wooded_badlands_plateau
4754_2989_7974.png,sunflower_plains
4758_4148_4004.png,stone_shore
4762_3554_3690.png,snowy_beach
4763_3206_9258.png,shattered_savanna_plateau
4763_3273_5405.png,modified_jungle
4765_4582_4669.png,jungle_edge
4767_2439_9218.png,shattered_savanna_plateau
4767_3824_1449.png,mountains
4769_2624_6204.png,taiga
4771_2150_4496.png,birch_forest
4771_3800_9540.png,mushroom_fields
4776_2446_5346.png,stone_shore
4777_2156_9392.png,stone_shore
4777_3009_2539.png,jungle_hills
4782_2011_2724.png,beach
4784_3077_9375.png,sunflower_plains
4784_3224_3630.png,beach
4784_4770_6886.png,river
4791_4338_1310.png,swamp
4793_2431_4235.png,lukewarm_ocean
4793_4830_7681.png,gravelly_mountains+
4795_3336_6405.png,dark_forest
4796_2028_6005.png,river
4796_3282_9637.png,stone_shore
4800_3340_7533.png,stone_shore
4801_3938_2120.png,bamboo_jungle
4803_4312_1179.png,jungle_hills
4805_2881_4524.png,swamp
4806_3489_8045.png,lukewarm_ocean
4807_2899_4861.png,swamp
4808_3529_5774.png,lukewarm_ocean
4809_2926_5849.png,plains
4810_3035_9475.png,shattered_savanna_plateau
4811_3761_9692.png,snowy_beach
4812_2426_9451.png,snowy_beach
4812_3056_6790.png,snowy_tundra
4814_2551_9228.png,savanna
4816_3089_7220.png,snowy_beach
4820_2572_8201.png,swamp
4822_4593_8260.png,modified_badlands_plateau
4826_2196_8602.png,mushroom_field_shore
4826_2449_7843.png,shattered_savanna_plateau
4826_3488_5135.png,jungle_hills
4828_2822_9832.png,forest
4828_4371_8389.png,birch_forest
4833_2626_1151.png,mountains
4833_2972_1587.png,modified_jungle_edge
4835_2737_5560.png,modified_wooded_badlands_plateau
4838_2986_7433.png,desert
4839_3850_2533.png,plains
4843_2751_1709.png,savanna
4846_3494_9699.png,plains
4848_3118_8655.png,stone_shore
4852_2173_3153.png,stone_shore
4852_2369_2618.png,jungle
4852_4218_8451.png,savanna
4856_4116_3077.png,forest
4859_3960_8487.png,jungle_hills
4862_4316_2682.png,mountains
4867_3350_8144.png,gravelly_mountains+
4867_4927_8309.png,snowy_tundra
4877_2731_9804.png,modified_jungle_edge
4879_4251_3819.png,jungle_hills
4882_2127_2433.png,jungle_hills
4882_4749_4512.png,jungle
4883_4246_6657.png,swamp
4884_3129_5899.png,swamp
4885_3612_4839.png,jungle_hills
4887_2809_5694.png,river
4891_4337_8952.png,desert
4892_2011_5638.png,beach
4894_4608_4413.png,modified_jungle_edge
4896_2654_3435.png,mountains
4897_4325_1065.png,mushroom_field_shore
4901_4393_1827.png,swamp
4902_3753_6718.png,mushroom_field_shore
4902_4755_9686.png,modified_wooded_badlands_plateau
4907_4540_1159.png,snowy_beach
4909_3732_5444.png,gravelly_mountains+
4912_4474_1632.png,modified_jungle_edge
4914_2817_9516.png,mushroom_field_shore
4915_2805_8184.png,modified_jungle
4917_3327_5294.png,lukewarm_ocean
4920_2899_8049.png,modified_jungle_edge
4921_2871_5953.png,shattered_savanna_plateau
4921_4991_7549.png,beach
4926_2641_7844.png,tall_birch_forest
4927_2582_7709.png,plains
4928_2703_5637.png,taiga
4930_3537_4321.png,taiga
4930_3656_9670.png,dark_forest
4934_3709_2677.png,mushroom_fields
4935_3086_5211.png,modified_badlands_plateau
4937_2978_1497.png,modified_jungle
4938_4245_2688.png,desert
4940_4712_2460.png,modified_jungle_edge
4941_2130_6853.png,jungle
4943_4583_2461.png,jungle
4948_2426_2268.png,desert
4948_2685_9513.png,snowy_tundra
4948_4286_8525.png,swamp
4949_3976_5046.png,lukewarm_ocean
4952_3364_5040.png,dark_forest
4952_3606_1525.png,mountains
4953_3527_1596.png,jungle
4953_4260_3100.png,mushroom_fields
4953_4442_5621.png,snowy_beach
4954_4835_1003.png,modified_jungle_edge
4958_4123_8325.png,lukewarm_ocean
4960_4697_1347.png,dark_forest
4962_3173_2999.png,snowy_tundra
4962_4885_7778.png,jungle
4964_2033_7364.png,stone_shore
4966_2475_4714.png,modified_wooded_badlands_plateau
4968_4846_5113.png,sunflower_plains
4969_4360_8591.png,jungle_edge
4970_4976_4490.png,lukewarm_ocean
4972_4209_8148.png,mountains
4976_2944_9692.png,modified_jungle_edge
4977_4802_5997.png,dark_forest
4978_2847_6450.png,dark_forest
4980_2035_5541.png,forest
4980_2419_5252.png,modified_badlands_plateau
4983_3756_3327.png,modified_wooded_badlands_plateau
4989_4698_9499.png,river
4990_4552_7192.png,modified_jungle_edge
4991_3081_9790.png,jungle_edge
4991_3653_4105.png,savanna
4995_3737_7197.png,jungle_hills
4995_4962_3722.png,beach
4996_4926_4292.png,modified_wooded_badlands_plateau
4998_4557_2994.png,jungle
4999_3566_7825.png,mountains
